country,1960,1961,1962,1963,1964,1965,1966,1967,1968,1969,1970,1971,1972,1973,1974,1975,1976,1977,1978,1979,1980,1981,1982,1983,1984,1985,1986,1987,1988,1989,1990,1991,1992,1993,1994,1995,1996,1997,1998,1999,2000,2001,2002,2003,2004,2005,2006,2007,2008,2009,2010,2011,2012,2013,2014,2015,2016,2017,2018,2019,2020
Aruba,,,,,,,,,,,,,,,,,,,,,,,,,,,17.2k,20.3k,24.3k,27.3k,27.9k,29k,29k,29.3k,30k,29.4k,28.7k,29.9k,29.9k,29.6k,31.2k,29.7k,28.1k,28k,29.7k,29.7k,29.7k,30.2k,30.1k,26.9k,25.9k,26.6k,26.2k,27.1k,27k,28.4k,28.8k,29.3k,,,
Afghanistan,,,,,,,,,,,,,,,,,,,,,,,,,,,,,,,,,,,,,,,,,,,320,332,323,346,354,393,399,473,526,512,558,569,565,556,553,553,547,555,530
Angola,,,,,,,,,,,,,,,,,,,,,3550,3280,3160,3180,3250,3250,3230,3240,3320,3210,3000,2930,2670,1960,1930,2150,2360,2450,2490,2460,2450,2470,2720,2710,2900,3220,3460,3810,4080,3960,3990,3980,4170,4220,4270,4170,3920,3790,3600,3460,3170
Albania,,,,,,,,,,,,,,,,,,,,,1740,1800,1820,1800,1740,1740,1800,1750,1690,1810,1610,1160,1090,1200,1310,1490,1630,1460,1600,1820,1960,2140,2250,2380,2520,2680,2850,3040,3300,3430,3580,3680,3740,3780,3860,3950,4090,4250,4430,4540,4390
Andorra,,,,,,,,,,,35.4k,35.2k,36.2k,37.1k,37.5k,36.2k,36.2k,36.1k,35.6k,34.5k,34k,32.7k,31.7k,30.9k,30.1k,29.5k,29.2k,29.6k,29.9k,30.1k,30.1k,29.6k,28.8k,27.5k,27.4k,27.6k,28.7k,31.3k,32.4k,33.6k,34.3k,36k,36.2k,37.6k,39k,39.8k,40.6k,40.4k,37.6k,35.4k,34.7k,35k,33.8k,33.2k,34.7k,35.8k,37.4k,37.7k,38.3k,39k,34.3k
United Arab Emirates,,,,,,,,,,,,,,,,99.5k,99.6k,105k,90.9k,98.6k,112k,109k,95.3k,86.1k,85k,77.6k,62.4k,60.8k,55.8k,59.1k,66k,62.9k,61.3k,58.6k,59.4k,60.2k,60.5k,62.3k,59.3k,57.9k,60.7k,58.4k,56.8k,57.9k,57.9k,53.8k,51.2k,45.4k,40.8k,34.6k,32.5k,33.2k,34k,35.5k,37k,38.7k,39.4k,39.8k,39.7k,40.4k,37.5k
Argentina,7360,7640,7450,6950,7530,8200,8030,8160,8430,9110,9240,9610,9610,9730,10.1k,9940,9590,10.1k,9510,10.3k,10.3k,9630,9410,9660,9660,9010,9410,9520,9270,8480,8150,8770,9340,9970,10.4k,10k,10.4k,11.1k,11.4k,10.9k,10.7k,10.1k,8940,9630,10.4k,11.2k,12k,12.9k,13.3k,12.4k,13.6k,14.2k,13.9k,14.1k,13.6k,13.8k,13.4k,13.6k,13.1k,12.7k,11.3k
Armenia,,,,,,,,,,,,,,,,,,,,,,,,,,,,,,,1650,1470,872,814,879,959,1030,1080,1160,1210,1290,1420,1620,1860,2060,2360,2700,3090,3340,2880,2960,3100,3310,3410,3510,3610,3600,3860,4050,4350,4020
American Samoa,,,,,,,,,,,,,,,,,,,,,,,,,,,,,,,,,,,,,,,,,,,12.6k,12.6k,12.7k,12.6k,12.2k,12.6k,12.4k,12.1k,12.3k,12.3k,11.8k,11.5k,11.7k,12.1k,11.9k,11.1k,11.4k,11.4k,11.8k
Antigua and Barbuda,,,,,,,,,,,,,,,,,,5570,5830,6310,6830,7100,7090,7470,8230,8860,9890,10.5k,11.1k,11.6k,11.9k,12k,11.9k,12.3k,12.8k,12k,12.5k,12.9k,13.3k,13.5k,14.1k,13.2k,13.2k,13.8k,14.4k,15.1k,16.8k,18.1k,17.8k,15.4k,14k,13.5k,13.8k,13.6k,13.9k,14.3k,14.9k,15.2k,16.1k,16.8k,13.3k
Australia,20k,20k,19.8k,20.6k,21.7k,22.5k,22.5k,23.6k,24.4k,25.6k,26.9k,27k,27.6k,27.9k,28.3k,28.3k,28.8k,29.5k,29.4k,30.3k,30.8k,31.3k,31.8k,30.7k,31.8k,33k,33.8k,34.1k,35.5k,36.2k,37k,36.4k,36.1k,37.2k,38.2k,39.2k,40.2k,41.3k,42.8k,44.4k,45.6k,45.9k,47.1k,48k,49.4k,50.3k,50.9k,52.5k,53.3k,53.2k,53.5k,54.1k,55.3k,55.7k,56.3k,56.7k,57.4k,57.7k,58.4k,58.8k,58k
Austria,12.1k,12.6k,12.9k,13.4k,14.1k,14.5k,15.2k,15.5k,16.1k,17.1k,18.1k,18.9k,20k,20.9k,21.7k,21.6k,22.7k,23.8k,23.8k,25.1k,25.5k,25.4k,25.9k,26.7k,26.7k,27.4k,28k,28.4k,29.3k,30.3k,31.3k,32.1k,32.4k,32.3k,33k,33.8k,34.5k,35.2k,36.4k,37.7k,38.8k,39.2k,39.6k,39.8k,40.7k,41.3k,42.5k,43.9k,44.4k,42.7k,43.3k,44.5k,44.5k,44.3k,44.2k,44.2k,44.6k,45.3k,46.2k,46.7k,43.3k
Azerbaijan,,,,,,,,,,,,,,,,,,,,,,,,,,,,,,,2820,2760,2110,1600,1260,1100,1110,1160,1260,1340,1480,1610,1750,1920,2080,2630,3500,4330,4690,5020,5220,5150,5190,5430,5510,5500,5270,5230,5260,5350,5080
Burundi,285,241,258,264,275,279,285,316,308,296,353,357,331,350,343,341,361,394,380,377,371,406,391,395,385,418,420,431,440,434,439,450,445,409,387,351,319,311,322,315,307,306,311,298,303,296,302,302,307,308,313,316,319,325,328,306,294,286,282,278,271
Belgium,11.7k,12.3k,12.9k,13.3k,14.1k,14.5k,14.8k,15.3k,15.9k,16.9k,17.8k,18.5k,19.4k,20.6k,21.5k,21k,22.1k,22.3k,22.9k,23.4k,24.4k,24.3k,24.5k,24.6k,25.2k,25.6k,26k,26.6k,27.8k,28.6k,29.4k,29.9k,30.2k,29.8k,30.7k,31.3k,31.7k,32.8k,33.4k,34.5k,35.7k,35.9k,36.4k,36.6k,37.8k,38.4k,39.1k,40.3k,40.2k,39k,39.8k,39.9k,40k,40k,40.4k,41k,41.3k,41.8k,42.4k,43.1k,40.4k
Benin,679,691,657,677,710,735,747,740,753,759,758,731,761,771,779,723,711,728,718,745,775,829,824,766,804,840,833,797,800,754,795,801,797,814,803,824,833,854,862,882,906,926,940,943,956,944,953,981,1000,996,989,990,1010,1050,1090,1080,1080,1110,1160,1200,1210
Burkina Faso,242,248,260,253,255,261,258,276,280,281,276,276,277,273,291,294,313,308,315,320,315,321,343,336,322,340,358,348,359,357,345,367,358,360,355,365,394,408,426,444,440,456,462,484,491,518,534,540,554,554,582,603,623,639,647,653,672,694,719,738,732
Bangladesh,463,478,490,474,511,504,501,476,505,497,512,474,401,409,441,415,428,429,447,456,448,468,465,471,481,484,491,496,495,497,512,518,534,547,556,572,586,599,617,633,654,674,687,708,733,769,809,856,897,932,973,1020,1080,1130,1180,1250,1320,1400,1500,1600,1640
Bulgaria,,,,,,,,,,,,,,,,,,,,,3430,3580,3660,3770,3890,4000,4170,4410,4890,4780,4430,4090,3840,3810,3890,4020,4250,3670,3840,3540,3720,3940,4260,4520,4850,5230,5630,6040,6460,6290,6430,6610,6690,6690,6800,7070,7340,7600,7860,8230,7920
Bahrain,,,,,,,,,,,,,,,,,,,,,21.5k,19.5k,17.5k,18.1k,18.5k,17.1k,16.8k,17.9k,18.5k,17.9k,18.2k,19.7k,20.4k,22.5k,21.9k,22.2k,22.5k,22.6k,22.9k,23k,23.2k,22.7k,22.3k,22.3k,22.4k,22.3k,22.1k,22.1k,21.8k,21.1k,21k,20.8k,21.2k,22.1k,22.7k,22.6k,22.6k,22.4k,21.8k,21.3k,19.5k
Bahamas,20.1k,21.2k,22.2k,23.4k,24.6k,25.9k,27k,28.4k,29.7k,31.2k,28.6k,28.3k,26.7k,28.1k,22.9k,19.2k,19.7k,21.1k,23.5k,29.1k,30.3k,26.9k,28k,28.4k,31.8k,32.6k,32.6k,33k,33.2k,34.8k,33.6k,31.6k,29.9k,29.4k,29.8k,30.6k,31.5k,33.3k,31.4k,34.8k,35.8k,36.2k,36.5k,35.4k,35.1k,35.6k,35.9k,35.7k,34.2k,32.2k,32.2k,32k,32.6k,31.2k,31.6k,31.8k,31.5k,31.7k,32.2k,32.1k,27.2k
Bosnia and Herzegovina,,,,,,,,,,,,,,,,,,,,,,,,,,,,,,,,,,,619,769,1480,2000,2310,2530,2850,2910,3060,3170,3370,3500,3690,3910,4130,4030,4100,4190,4220,4390,4520,4730,4940,5150,5390,5580,5430
Belarus,,,,,,,,,,,,,,,,,,,,,,,,,,,,,,,2890,2850,2570,2370,2100,1890,1950,2180,2370,2460,2620,2750,2910,3140,3520,3880,4290,4680,5180,5200,5620,5940,6050,6110,6210,5970,5810,5960,6170,6260,6230
Belize,1200,1220,1240,1270,1290,1320,1340,1370,1420,1460,1490,1520,1640,1700,1900,1940,1910,2010,2140,2260,2510,2480,2420,2300,2280,2240,2270,2450,2620,2890,3150,3440,3790,3960,3890,3820,3750,3740,3740,3920,4280,4340,4420,4710,4810,4770,4870,4770,4810,4700,4730,4710,4710,4660,4750,4770,4670,4660,4710,4700,3970
Bermuda,37.9k,38.8k,39.5k,39k,42.3k,43.3k,48.6k,54k,54.1k,54.9k,57.3k,59.7k,61.2k,62.6k,63.6k,66.5k,72.2k,76.2k,77k,78.4k,83.2k,84.6k,79.6k,80.5k,80.2k,77.9k,82.4k,84.8k,87.5k,87.1k,86.4k,83.8k,84.4k,86.4k,86.4k,89.5k,91.3k,94.9k,97.9k,101k,109k,116k,113k,116k,118k,119k,125k,129k,126k,118k,116k,112k,106k,105k,101k,102k,102k,107k,107k,107k,100k
Bolivia,1290,1290,1340,1400,1430,1470,1540,1610,1710,1750,1800,1850,1950,2020,2040,2140,2190,2250,2240,2200,2120,2080,1960,1840,1800,1740,1660,1660,1680,1700,1740,1800,1790,1830,1870,1920,1960,2020,2080,2050,2060,2050,2070,2080,2130,2190,2250,2310,2410,2450,2510,2600,2690,2830,2940,3040,3120,3200,3290,3320,2980
Brazil,2610,2750,2850,2790,2800,2790,2890,2930,3140,3350,3610,3920,4280,4760,5030,5170,5560,5700,5850,6090,6500,6080,5990,5680,5850,6180,6500,6600,6470,6550,6160,6110,5970,6170,6420,6580,6620,6740,6660,6600,6790,6790,6900,6900,7210,7350,7560,7940,8260,8170,8700,8970,9060,9250,9210,8810,8460,8500,8580,8640,8230
Barbados,,,,,,,,,,,,,,,11.6k,11.4k,11.8k,12.1k,12.7k,13.6k,14.1k,13.8k,13.1k,13.1k,13.6k,13.7k,14.3k,14.7k,15.1k,15.6k,15k,14.4k,13.5k,13.6k,13.8k,14k,14.5k,15.1k,15.6k,15.6k,16.2k,15.8k,15.9k,16.2k,16.3k,16.9k,17.8k,18.2k,18.2k,17.2k,16.8k,16.6k,16.5k,16.2k,16.2k,16.5k,16.9k,17k,16.8k,16.8k,13.6k
Brunei,,,,,,,,,,,,,,,43.3k,41.7k,48.1k,51.4k,52.9k,62.6k,56.3k,43.8k,44.2k,43.1k,42.2k,40.4k,38.2k,37.9k,37.2k,35.8k,35.2k,35.2k,35.9k,35k,35.1k,35.8k,35.9k,34.5k,33.6k,33.8k,34.1k,34.3k,34.9k,35.3k,34.9k,34.4k,35.5k,35.1k,34k,33k,33.4k,34.2k,34.1k,32.9k,31.7k,31.2k,30k,30.1k,29.8k,30.6k,30.7k
Bhutan,,,,,,,,,,,,,,,,,,,,,402,450,454,489,498,504,544,680,691,724,786,777,813,832,875,932,971,1000,1040,1100,1110,1180,1280,1350,1410,1490,1570,1840,1910,2020,2240,2390,2480,2500,2610,2750,2940,3040,3100,3240,2880
Botswana,358,373,389,403,421,436,454,471,509,573,653,798,977,1150,1200,1260,1340,1440,1590,1710,1850,1950,2110,2310,2420,2500,2600,2800,3220,3510,3620,3780,3780,3760,3800,3970,4100,4340,4260,4570,4570,4490,4680,4820,4860,4990,5290,5610,5840,5290,5640,5900,6090,6700,6900,6400,6730,6860,6970,7030,6300
Central African Republic,653,674,638,623,624,618,610,625,621,652,655,652,643,645,676,667,689,701,693,659,613,586,612,545,580,588,596,556,555,556,532,516,469,458,466,486,455,467,477,483,460,470,477,442,459,455,467,479,480,514,532,550,576,365,364,377,391,404,413,418,414
Canada,,,,,,,,,,,,,,,,,,,,,,,,,,,,,,,,,,,,,,31.2k,31.8k,32.8k,34.1k,34.2k,35k,36k,37.1k,38.6k,39.8k,42.1k,42.1k,40.4k,41.2k,42k,42.3k,42.8k,43.6k,43.6k,43.5k,44.3k,44.9k,45.1k,42.3k
Switzerland,,,,,,,,,,,,,,,,,,,,,59.9k,60.5k,59.4k,59.5k,61.1k,63k,63.9k,64.5k,66.1k,68.4k,70.2k,68.7k,67.9k,67.2k,67.5k,67.4k,67.4k,68.8k,70.7k,71.6k,74k,74.7k,74.1k,73.6k,75.1k,76.8k,79.4k,81.8k,83k,80.3k,82k,82.7k,82.8k,83.3k,84.3k,84.8k,85.6k,86.1k,88k,88.4k,85.7k
Chile,3330,3430,3500,3630,3650,3610,3950,4020,4100,4190,4200,4520,4400,4110,4150,3560,3640,3950,4190,4480,4770,5010,4400,4120,4230,4330,4490,4710,4980,5380,5470,5800,6340,6650,6880,7380,7770,8240,8480,8340,8690,8870,9050,9320,9890,10.3k,10.9k,11.3k,11.6k,11.3k,11.8k,12.4k,12.9k,13.3k,13.4k,13.6k,13.6k,13.6k,13.9k,13.9k,13k
China,238,175,164,176,204,233,250,230,215,244,284,295,299,315,316,337,327,347,381,405,431,447,480,524,596,667,716,787,861,884,905,975,1100,1240,1380,1520,1650,1790,1910,2040,2190,2360,2560,2800,3060,3390,3800,4320,4710,5130,5650,6150,6590,7060,7530,8020,8520,9050,9620,10.2k,10.4k
Cote d'Ivoire,1570,1660,1620,1790,2020,1890,2030,2050,2220,2340,2480,2600,2590,2620,2610,2700,2910,2980,3160,3100,2640,2610,2510,2310,2160,2160,2150,2060,2010,2000,1910,1840,1770,1710,1660,1720,1800,1910,1930,1900,1850,1770,1680,1570,1580,1570,1580,1560,1600,1620,1690,1560,1640,1770,1890,1970,2060,2160,2250,2330,2310
Cameroon,932,924,932,946,958,955,976,849,882,902,907,915,915,938,1010,1090,1010,1110,1320,1360,1290,1460,1530,1580,1650,1720,1780,1690,1510,1440,1310,1220,1150,1030,1020,1020,1030,1050,1070,1090,1110,1120,1140,1170,1220,1220,1230,1250,1250,1250,1250,1260,1280,1310,1340,1380,1410,1420,1440,1450,1420
"Congo, Dem. Rep.",1260,1090,1290,1320,1260,1240,1280,1240,1250,1330,1290,1330,1300,1370,1370,1270,1170,1140,1050,1030,1020,1020,990,980,1010,987,1010,1010,982,940,850,750,646,537,498,485,467,430,414,387,351,334,334,342,354,364,371,381,392,390,404,418,433,454,481,497,493,495,507,513,505
"Congo, Rep.",1230,1300,1340,1250,1270,1280,1260,1250,1310,1370,1420,1480,1570,1640,1720,1800,1770,1560,1610,1720,1970,2250,2700,2770,2880,2770,2510,2440,2420,2420,2370,2370,2360,2270,2090,2110,2140,2070,2080,1970,2060,2080,2110,2070,2080,2170,2270,2050,2100,2270,2420,2410,2580,2500,2600,2450,2130,1980,1840,1790,1610
Colombia,1910,1940,1980,1990,2050,2060,2100,2130,2190,2270,2350,2430,2550,2660,2760,2760,2830,2880,3050,3150,3200,3200,3170,3150,3180,3210,3330,3440,3510,3560,3640,3640,3710,3840,3990,4120,4130,4200,4150,3910,3960,3970,4000,4100,4260,4400,4640,4890,4990,4990,5160,5470,5630,5870,6070,6180,6220,6210,6270,6390,5890
Comoros,,,,,,,,,,,,,,,,,,,,,1290,1300,1340,1370,1380,1380,1360,1340,1340,1260,1290,1180,1240,1250,1150,1160,1110,1120,1110,1100,1190,1190,1190,1180,1180,1180,1180,1170,1180,1190,1210,1230,1240,1260,1260,1240,1250,1270,1290,1280,1260
Cape Verde,,,,,,,,,,,,,,,,,,,,,606,647,652,700,713,761,770,792,828,860,849,840,907,959,1110,1240,1340,1460,1610,1760,1970,1980,2050,2110,2290,2410,2570,2920,3080,3000,3010,3090,3090,3070,3050,3040,3150,3230,3330,3480,2940
Costa Rica,3600,3530,3590,3700,3700,3870,4010,4110,4330,4440,4640,4830,5100,5360,5520,5490,5650,5990,6200,6340,6210,5910,5330,5340,5610,5500,5660,5770,5820,5990,6040,6020,6400,6680,6810,6920,6850,7050,7390,7540,7680,7810,7940,8160,8400,8610,9110,9730,10.1k,9840,10.2k,10.6k,10.9k,11.1k,11.4k,11.6k,12k,12.4k,12.6k,12.7k,12.1k
Cuba,,,,,,,,,,,2650,2830,2920,2970,2950,3190,3320,3580,3780,3800,3590,4280,4640,4870,5230,5280,5240,5060,5190,5170,4980,4410,3880,3290,3290,3360,3610,3690,3680,3890,4110,4220,4270,4420,4670,5180,5810,6240,6500,6600,6760,6940,7140,7320,7380,7690,7730,7860,8040,8030,7160
Cayman Islands,,,,,,,,,,,,,,,,,,,,,,,,,,,,,,,,,,,,,,,,,,,,,,,91.3k,91.4k,88.5k,79.9k,75.9k,75.2k,74.7k,74.4k,75.2k,76.3k,77.7k,79.1k,81.4k,83.5k,77k
Cyprus,,,,,,,,,,,,,,,,6170,7480,8710,9350,10.2k,10.7k,10.8k,11.3k,11.8k,12.7k,13.1k,13.5k,14.3k,15.3k,16.3k,17.1k,16.8k,17.9k,17.6k,18.3k,19.5k,19.4k,19.6k,20.6k,21.3k,22.4k,23k,23.6k,23.9k,24.8k,25.6k,26.4k,27.2k,27.4k,26.2k,26k,25.5k,24.2k,22.7k,22.5k,23.4k,24.8k,26k,27.2k,28.2k,26.4k
Czech Republic,,,,,,,,,,,,,,,,,,,,,,,,,,,,,,,11.6k,10.3k,10.2k,10.2k,10.5k,11.2k,11.7k,11.7k,11.6k,11.8k,12.3k,12.7k,13k,13.4k,14.1k,15k,15.9k,16.7k,17k,16.2k,16.5k,16.8k,16.6k,16.6k,17k,17.8k,18.2k,19.1k,19.7k,20.2k,19k
Germany,,,,,,,,,,,17.9k,18.4k,19.1k,20k,20.1k,20k,21.1k,21.9k,22.6k,23.5k,23.8k,23.9k,23.8k,24.2k,25k,25.6k,26.2k,26.5k,27.4k,28.3k,29.5k,30.8k,31.1k,30.6k,31.2k,31.6k,31.8k,32.3k,33k,33.6k,34.5k,35k,34.9k,34.6k,35k,35.3k,36.7k,37.8k,38.3k,36.2k,37.8k,40k,40.1k,40.1k,40.9k,41.1k,41.7k,42.6k,43k,43.3k,41.3k
Djibouti,,,,,,,,,,,,,,,,,,,,,,,,,,,,,,,,,,,,,,,,,,,,,,,,,,,,,,2390,2510,2660,2790,2890,3090,3280,3250
Dominica,,,,,,,,,,,,,,,,,,2890,3150,2550,2880,3190,3340,3450,3620,3710,4010,4300,4680,4700,4980,5050,5140,5230,5210,5360,5540,5690,5940,5990,6150,6140,5960,6310,6480,6500,6790,7210,7720,7630,7680,7660,7570,7490,7820,7600,7780,7230,7380,7910,6580
Denmark,18.1k,19.1k,20.1k,20k,21.7k,22.5k,23k,24k,25.2k,26.7k,26.9k,27.5k,28.5k,29.5k,29k,28.5k,30.1k,30.6k,31.1k,32.3k,32.1k,31.9k,33.1k,33.9k,35.4k,36.8k,38.5k,38.6k,38.6k,38.8k,39.3k,39.7k,40.4k,40.3k,42.3k,43.3k,44.3k,45.6k,46.4k,47.6k,49.2k,49.5k,49.5k,49.6k,50.8k,51.8k,53.7k,53.9k,53.3k,50.5k,51.2k,51.6k,51.6k,51.8k,52.4k,53.3k,54.6k,55.7k,56.6k,57.6k,56.2k
Dominican Republic,1380,1300,1470,1520,1570,1330,1460,1470,1430,1540,1770,1900,2040,2250,2320,2380,2480,2540,2530,2580,2720,2780,2760,2830,2800,2690,2730,2940,2950,3020,2800,2770,3030,3190,3220,3340,3480,3730,3920,4080,4210,4250,4380,4260,4300,4650,5010,5310,5410,5390,5770,5880,5970,6190,6550,6920,7300,7560,8000,8310,7680
Algeria,2170,1830,1430,1880,1940,2000,1850,1970,2120,2240,2370,2040,2530,2560,2670,2730,2880,2940,3120,3260,3190,3180,3280,3350,3430,3450,3370,3250,3130,3180,3120,3010,2990,2870,2780,2830,2900,2880,2990,3040,3110,3160,3300,3490,3590,3750,3760,3830,3860,3850,3920,3960,4010,4040,4110,4180,4220,4190,4150,4120,3830
Ecuador,2570,2630,2680,2660,2770,2780,2690,2740,2710,2750,2860,2950,3010,3340,3610,3890,4070,4020,4140,4190,4230,4350,4270,4150,4150,4210,4250,4140,4280,4220,4270,4350,4340,4330,4410,4410,4400,4490,4540,4240,4210,4300,4400,4440,4730,4890,5020,5050,5280,5220,5320,5650,5890,6080,6220,6120,5950,5980,5950,5850,5320
Egypt,762,780,789,849,922,942,964,947,908,933,962,979,986,999,993,1060,1170,1250,1330,1350,1450,1520,1630,1670,1780,1840,1870,1890,1950,1990,2050,2030,2070,2090,2130,2190,2250,2320,2410,2500,2610,2650,2660,2700,2760,2830,2970,3130,3290,3380,3490,3470,3470,3470,3490,3560,3640,3710,3830,3960,4030
Eritrea,,,,,,,,,,,,,,,,,,,,,,,,,,,,,,,,,512,585,716,741,813,877,888,876,828,870,857,796,772,762,731,722,638,650,654,701,,,,,,,,,
Spain,6220,6890,7500,8150,8500,8930,9480,9770,10.3k,11.1k,11.4k,11.8k,12.6k,13.5k,14.1k,14k,14.3k,14.6k,14.6k,14.5k,14.7k,14.6k,14.7k,14.9k,15.1k,15.4k,15.8k,16.7k,17.5k,18.3k,19k,19.4k,19.5k,19.2k,19.6k,20k,20.4k,21.1k,22k,22.8k,23.9k,24.7k,25k,25.3k,25.7k,26.1k,26.8k,27.2k,27k,25.8k,25.7k,25.4k,24.6k,24.4k,24.8k,25.7k,26.5k,27.2k,27.7k,28.1k,24.9k
Estonia,,,,,,,,,,,,,,,,,,,,,,,,,,,,,,,,,,,,7140,7600,8690,9160,9090,9960,10.6k,11.4k,12.4k,13.3k,14.6k,16.2k,17.5k,16.6k,14.2k,14.6k,15.7k,16.3k,16.6k,17.1k,17.4k,17.9k,19k,19.7k,20.4k,19.8k
Ethiopia,,,,,,,,,,,,,,,,,,,,,,303,298,313,294,253,269,297,289,278,276,248,218,238,237,244,265,265,249,254,262,276,272,259,286,310,335,363,391,414,453,490,518,556,596,641,682,728,757,800,827
Finland,11.4k,12.2k,12.5k,12.8k,13.4k,14.1k,14.3k,14.6k,14.8k,16.3k,17.1k,17.5k,18.8k,19.9k,20.5k,20.8k,20.8k,20.8k,21.3k,22.8k,23.9k,24.1k,24.7k,25.4k,26k,26.9k,27.5k,28.4k,29.8k,31.2k,31.3k,29.3k,28.2k,27.8k,28.8k,29.9k,30.9k,32.8k,34.5k,35.9k,37.9k,38.8k,39.4k,40k,41.5k,42.5k,44.1k,46.2k,46.4k,42.4k,43.6k,44.5k,43.6k,43k,42.7k,42.8k,43.9k,45.2k,45.6k,46.1k,44.8k
Fiji,2200,2200,2200,2260,2300,2170,2110,2340,2470,2480,2730,2860,3010,3290,3310,3260,3290,3420,3420,3770,3630,3760,3450,3230,3420,3210,3430,3190,3210,3440,3620,3490,3660,3690,3820,3870,4010,3880,3890,4200,4110,4170,4300,4340,4560,4570,4620,4530,4530,4430,4520,4630,4680,4900,5170,5390,5500,5760,5940,5870,4910
France,11.2k,11.6k,12.2k,12.8k,13.5k,13.9k,14.5k,15.1k,15.7k,16.6k,17.5k,18.3k,19k,20k,20.7k,20.4k,21.2k,21.8k,22.6k,23.3k,23.6k,23.7k,24.2k,24.3k,24.6k,24.8k,25.3k,25.8k,26.8k,27.9k,28.5k,28.7k,29k,28.7k,29.2k,29.7k,30.1k,30.7k,31.6k,32.6k,33.6k,34k,34.2k,34.2k,34.9k,35.2k,35.8k,36.5k,36.4k,35.1k,35.6k,36.2k,36.2k,36.2k,36.4k,36.7k,37k,37.7k,38.3k,38.9k,35.8k
Faeroe Islands,,,,,,,,,,,,,,,,,,,,,,,,,,,,,,,,,,,,,,,,,,,,,,,,,,,,,,,,52.4k,,,,,
"Micronesia, Fed. Sts.",,,,,,,,,,,,,,,,,,,,,,,,,,,2480,2450,2460,2490,2520,2640,2680,2830,2760,2910,2800,2620,2700,2750,2890,2960,2980,3030,2950,3020,3040,3010,2970,3010,3080,3170,3080,2920,2820,2910,2900,2940,2920,2920,2840
Gabon,3390,3850,4090,4290,4420,4710,4840,4940,4960,5250,5590,6050,6610,7150,9790,11.4k,15.2k,13k,9640,9450,9460,9700,9160,9430,9870,9380,9060,7300,8010,8460,8660,8940,8430,8530,8620,8820,8910,9180,9270,8240,7890,7870,7660,7650,7510,7500,7090,7300,6850,6630,6860,7090,7180,7300,7350,7380,7310,7150,7020,7120,6820
Isle of Man,,,,,,,,,,,,,,,,,,,,,,,,,18.5k,18.5k,21.7k,23.4k,25.6k,26.8k,27.5k,27.7k,27.8k,28.4k,29.5k,30.5k,32.6k,34.9k,39k,43.8k,45.5k,47.5k,50k,52.7k,55k,57.6k,61.3k,65k,67.3k,68k,69.9k,71.3k,76.8k,80.5k,85.2k,85.1k,91k,94.9k,96.4k,96.1k,
United Kingdom,14.9k,15.2k,15.2k,15.9k,16.6k,16.9k,17k,17.4k,18.3k,18.6k,19.7k,20.3k,21.1k,22.4k,21.8k,21.5k,22.1k,22.7k,23.6k,24.5k,24k,23.8k,24.3k,25.3k,25.8k,26.8k,27.6k,29k,30.6k,31.3k,31.5k,31k,31.1k,31.8k,32.9k,33.6k,34.4k,36k,37k,38k,39.2k,39.9k,40.6k,41.6k,42.3k,43.1k,43.9k,44.6k,44.1k,41.9k,42.5k,42.8k,43.1k,43.6k,44.6k,45.4k,46.1k,46.7k,47.2k,47.8k,43k
Georgia,,,,,,1800,1910,2010,2080,2160,2400,2430,2470,2610,2820,3000,3160,3360,3590,3820,3960,4140,4180,4330,4520,4700,4280,4300,4490,4160,3550,2780,1520,1070,970,1030,1190,1360,1440,1510,1570,1670,1770,1980,2110,2330,2560,2900,2980,2900,3100,3360,3600,3740,3900,4010,4130,4330,4540,4770,4450
Ghana,1150,1160,1170,1180,1170,1150,1080,1080,1060,1100,1180,1200,1140,1140,1190,1020,960,963,1030,980,962,905,818,758,799,815,832,847,869,888,891,912,920,937,942,954,973,988,1010,1030,1040,1060,1080,1110,1140,1180,1220,1240,1320,1350,1420,1580,1690,1770,1780,1770,1790,1900,1970,2050,2020
Guinea,,,,,,,,,,,,,,,,,,,,,,,,,,,526,527,544,548,555,554,557,569,577,588,598,613,619,627,628,637,657,653,655,661,655,684,696,673,689,712,738,750,760,769,830,891,921,946,984
Gambia,,,,,,,610,594,633,631,650,631,614,651,669,729,757,757,779,743,764,765,736,791,790,752,748,730,725,733,727,722,721,719,698,683,677,688,691,713,729,747,700,724,751,711,686,686,708,733,753,671,685,684,654,661,654,665,693,714,692
Guinea-Bissau,,,,,,,,,,,517,488,509,505,520,555,579,536,606,616,513,597,610,575,612,622,603,607,621,644,669,687,679,678,685,700,766,800,564,559,577,578,560,550,552,562,562,566,570,574,586,617,590,593,584,603,625,645,638,650,619
Equatorial Guinea,,,,,,,,,,,,,,,,,,,,,528,528,502,486,457,486,453,455,453,435,414,397,518,556,626,710,1140,2740,3250,3930,4450,6980,8000,8750,11.6k,12.9k,13.3k,14.6k,16.4k,15.9k,13.8k,14.1k,14.6k,13.4k,12.9k,11.3k,9890,8990,8120,7370,6780
Greece,5030,5650,5640,6280,6850,7550,7980,8360,8910,9900,10.7k,11.5k,12.6k,13.6k,12.6k,13.3k,14k,14.2k,15.1k,15.4k,15.3k,15k,14.7k,14.5k,14.7k,15k,15k,14.6k,15.2k,15.7k,15.5k,15.8k,15.8k,15.5k,15.7k,15.9k,16.3k,17k,17.5k,18k,18.6k,19.3k,20k,21.1k,22.1k,22.2k,23.4k,24.1k,23.9k,22.8k,21.6k,19.4k,18.1k,17.8k,18k,18.1k,18.1k,18.3k,18.6k,19k,17.3k
Grenada,,,,,,,,,,,,,,,,,,3270,3490,3700,3670,3660,3700,3720,3760,3930,4200,4620,4820,5060,5290,5360,5280,5120,5150,5210,5400,5640,6270,6680,6980,6810,7020,7650,7580,8560,8190,8680,8740,8130,8060,8080,7930,8070,8600,9100,9380,9740,10.1k,10.1k,8700
Greenland,,,,,,,,,,,15.4k,17.1k,17.7k,18.7k,19.5k,19.6k,20.7k,22.7k,24.2k,25.2k,27k,26.8k,25.3k,25.9k,24.3k,24.9k,26.6k,27.7k,28.9k,30.5k,26.8k,26.8k,25.5k,24.3k,25.6k,26.4k,26.8k,27.1k,29.2k,29.6k,31.6k,31.9k,31.5k,32.8k,35k,36.7k,38.8k,39.9k,42.5k,42.9k,43.2k,43k,43.7k,43.3k,45.5k,44.5k,46.6k,46.6k,47.6k,48.2k,
Guatemala,1850,1880,1890,2010,2040,2070,2130,2150,2280,2330,2400,2470,2590,2700,2810,2800,2940,3100,3180,3250,3290,3230,3030,2880,2810,2720,2650,2670,2700,2730,2730,2760,2820,2850,2900,2970,2980,3040,3120,3160,3200,3190,3240,3250,3280,3320,3430,3570,3620,3570,3610,3690,3730,3800,3900,3990,4030,4090,4160,4250,4130
Guam,,,,,,,,,,,,,,,,,,,,,,,,,,,,,,,,,,,,,,,,,,,30.5k,30.7k,32.6k,33.7k,32.5k,32.7k,33.3k,33.4k,34.1k,34.1k,34.7k,35.2k,35.7k,35.8k,35.7k,35.7k,35.1k,35.7k,31.2k
Guyana,2720,2760,2720,2320,2520,2730,2820,2890,2870,3030,3120,3180,3040,3040,3240,3480,3490,3360,3270,3180,3220,3270,2840,2650,2530,2610,2600,2650,2580,2470,2400,2540,2720,2920,3150,3300,3560,3800,3760,3890,3850,3950,3990,3970,4030,3940,4150,4440,4510,4680,4850,5090,5340,5510,5570,5580,5760,5950,6180,6480,9250
"Hong Kong, China",,3960,4330,4850,5140,5740,5790,5740,5810,6360,6780,7120,7730,8440,8370,8250,9470,10.4k,11.1k,11.7k,12.6k,13.4k,13.6k,14.2k,15.4k,15.4k,16.9k,18.9k,20.4k,20.6k,21.4k,22.4k,23.6k,24.6k,25.5k,25.6k,25.6k,26.6k,24.9k,25.2k,26.9k,26.9k,27.2k,28.1k,30.3k,32.4k,34.5k,36.4k,36.9k,35.9k,38.1k,39.7k,39.9k,41k,41.8k,42.4k,43.1k,44.4k,45.3k,44.2k,41.6k
Honduras,1210,1200,1230,1240,1270,1350,1380,1420,1470,1440,1450,1460,1500,1570,1510,1490,1600,1710,1760,1800,1760,1680,1600,1570,1620,1660,1690,1750,1730,1730,1730,1620,1670,1730,1690,1740,1720,1750,1760,1700,1780,1780,1800,1830,1900,1970,2050,2130,2170,2070,2110,2140,2190,2210,2240,2290,2330,2410,2460,2480,2220
Croatia,,,,,,,,,,,,,,,,,,,,,,,,,,,,,,,,,,,,7260,7800,8320,8510,8470,8810,9430,9960,10.5k,10.9k,11.4k,12k,12.6k,12.8k,11.9k,11.7k,11.8k,11.5k,11.5k,11.5k,11.9k,12.4k,13k,13.5k,14.1k,13k
Haiti,1730,1650,1740,1680,1620,1620,1580,1520,1540,1570,1550,1620,1610,1660,1720,1710,1820,1850,1930,2030,2130,2030,1910,1880,1840,1810,1760,1710,1680,1600,1580,1580,1470,1360,1180,1270,1300,1310,1320,1330,1320,1290,1280,1300,1270,1280,1290,1320,1340,1400,1300,1340,1330,1370,1370,1390,1390,1410,1410,1370,1310
Hungary,,,,,,,,,,,,,,,,,,,,,,,,,,,,,,,,7590,7360,7330,7550,7680,7700,7960,8280,8560,8970,9360,9830,10.3k,10.8k,11.3k,11.7k,11.8k,11.9k,11.2k,11.3k,11.6k,11.5k,11.7k,12.2k,12.7k,13k,13.6k,14.4k,15k,14.4k
Indonesia,601,619,614,585,589,580,580,572,618,642,673,701,731,770,808,827,862,915,954,999,1070,1130,1130,1150,1200,1210,1250,1290,1340,1410,1490,1560,1640,1710,1820,1930,2050,2120,1820,1800,1870,1910,1970,2030,2110,2200,2290,2400,2510,2600,2720,2850,2980,3100,3220,3330,3460,3590,3730,3880,3760
India,303,308,310,322,339,323,317,334,338,353,363,361,351,354,350,373,371,388,401,372,388,401,406,425,432,444,455,463,497,515,533,528,545,560,586,618,653,666,695,743,758,781,797,845,898,954,1010,1080,1090,1160,1240,1290,1350,1420,1500,1610,1720,1820,1920,1970,1810
Ireland,,,,,,,,,,,12k,12.3k,12.9k,13.3k,13.6k,14.2k,14.1k,15.1k,16k,16.2k,16.5k,16.9k,17.1k,17k,17.6k,18.1k,18k,18.8k,19.9k,21.2k,22.9k,23.2k,23.8k,24.4k,25.7k,28k,29.8k,32.8k,35.3k,38.6k,41.6k,43.1k,44.9k,45.5k,47.7k,49.4k,50.5k,51.6k,48.3k,45.4k,45.9k,46.2k,46k,46.3k,50k,62k,62.6k,67.4k,72.6k,75.1k,78.7k
Iran,2390,2600,2750,2870,3060,3490,3780,4110,4590,5200,5630,6270,6980,7380,7640,7250,8250,7670,6390,5530,3870,3530,4300,4480,3920,3850,3320,3220,2930,3010,3330,3660,3700,3670,3570,3600,3730,3700,3730,3720,3890,3870,4100,4410,4540,4630,4810,5150,5100,5100,5330,5410,4950,4880,5040,4900,5490,5610,5200,4790,4880
Iraq,,,,,,,,,1270,1260,1280,1300,1300,1320,1480,1610,1830,1810,2050,2400,2910,2810,2830,2390,2300,2280,2330,2490,2440,2310,3560,1250,1610,2030,2050,2030,2180,2560,3350,3820,4340,4280,3820,2350,3520,3490,3620,3630,3860,3910,4050,4220,4630,4790,4630,4690,5180,4960,4980,5150,4250
Iceland,,,,,,,,,,,,,,,,,,,,,,,,,,,,,,,,,,,,34.2k,35.6k,37.3k,39.6k,40.7k,42.2k,43.3k,43.1k,43.8k,46.8k,48.9k,50.7k,53.6k,53.8k,49.5k,48.2k,48.9k,49.2k,50.9k,51.2k,53k,55.5k,56.5k,57.7k,57.8k,53.2k
Israel,,,,,,,,,,,,,,,,,,,,,,,,,,,,,,,,,,,,25.2k,26k,26.4k,26.8k,27.1k,28.7k,28.1k,27.5k,27.3k,28.2k,28.8k,29.9k,31.2k,31.7k,31.3k,32.5k,33.7k,34k,35k,35.7k,35.8k,36.7k,37.6k,38.3k,39k,37.5k
Italy,9690,10.4k,11k,11.5k,11.7k,12k,12.6k,13.5k,14.2k,15k,15.7k,15.9k,16.4k,17.5k,18.3k,17.8k,19k,19.4k,20k,21.1k,21.8k,22k,22k,22.3k,23k,23.6k,24.3k,25.1k,26.1k,27k,27.5k,27.9k,28.1k,27.9k,28.4k,29.3k,29.6k,30.2k,30.7k,31.2k,32.4k,33k,33k,32.9k,33.2k,33.3k,33.8k,34.1k,33.5k,31.6k,32.1k,32.2k,31.2k,30.3k,30k,30.2k,30.7k,31.2k,31.6k,32.1k,29.4k
Jamaica,,,,,,,3950,3970,4140,4320,4770,4810,5590,5200,4900,4820,4430,4270,4210,4120,3830,3870,3880,3890,3770,3620,3650,3910,4040,4300,4450,4630,4680,5070,5090,5160,5100,5000,4830,4840,4840,4870,4930,5080,5120,5140,5260,5310,5240,4990,4890,4950,4890,4880,4890,4910,4950,4970,5040,5070,4540
Jordan,,,,,,,,,,,,,,,,,2700,2850,3180,3730,4020,4540,4680,4390,4390,4100,4160,4100,4000,3420,3250,3130,3390,3350,3350,3420,3390,3410,3450,3500,3590,3710,3850,3920,4150,4340,4520,4680,4790,4780,4640,4520,4390,4270,4220,4160,4120,4110,4110,4130,4030
Japan,6260,6950,7500,8060,8900,9320,10.2k,11.2k,12.5k,13.9k,14.1k,14.5k,15.5k,16.5k,16.1k,16.3k,16.8k,17.4k,18.1k,19k,19.3k,20k,20.5k,21.1k,21.9k,22.9k,23.6k,24.6k,26.1k,27.3k,28.5k,29.4k,29.5k,29.3k,29.5k,30.2k,31k,31.3k,30.8k,30.6k,31.4k,31.5k,31.4k,31.8k,32.5k,33.1k,33.5k,34k,33.6k,31.7k,32.9k,33k,33.5k,34.2k,34.4k,35k,35.3k,35.9k,36.2k,36.4k,34.8k
Kazakhstan,,,,,,,,,,,,,,,,,,,,,,,,,,,,,,,5830,5160,4890,4450,3950,3700,3780,3900,3890,4040,4450,5060,5550,6050,6580,7160,7840,8440,8550,8490,8980,9510,9820,10.3k,10.5k,10.5k,10.5k,10.8k,11.1k,11.4k,11k
Kenya,751,672,712,750,763,753,836,835,872,909,837,986,1110,1140,1140,1110,1090,1150,1180,1220,1240,1240,1210,1180,1160,1160,1200,1230,1260,1270,1280,1260,1210,1180,1170,1190,1200,1170,1180,1170,1150,1160,1130,1130,1160,1200,1240,1290,1260,1260,1330,1360,1380,1400,1430,1460,1490,1510,1560,1600,1560
Kyrgyz Republic,,,,,,,,,,,,,,,,,,,,,,,,,,,1020,1040,1150,1160,1200,1090,928,785,627,587,620,671,675,689,718,749,742,786,831,821,837,900,966,982,966,1010,994,1080,1100,1120,1150,1180,1200,1230,1100
Cambodia,,,,,,,,,,,,,,,,,,,,,,,,,,,,,,,,,,579,365,388,399,403,411,452,487,516,539,575,625,696,760,825,867,855,892,940,993,1050,1100,1160,1220,1290,1370,1440,1380
Kiribati,,,,,,,,,,,2160,2080,2290,2730,3910,4060,2930,2750,2740,2390,1970,1880,1980,1940,2000,1820,1770,1560,1660,1560,1520,1490,1480,1480,1480,1460,1470,1470,1540,1490,1550,1500,1540,1540,1490,1530,1500,1490,1430,1410,1370,1370,1410,1450,1420,1540,1600,1590,1630,1660,1610
St. Kitts and Nevis,,,,,,,,,,,,,,,,,,4640,4840,5240,5720,5840,5900,6010,6580,7200,8060,8680,9570,10.2k,10.7k,10.5k,10.8k,11.4k,11.9k,12.4k,13k,13.8k,13.6k,13.9k,15.1k,15.7k,15.8k,14.9k,15.3k,16.7k,17k,16.9k,17.8k,17k,16.7k,16.9k,16.4k,17.1k,18k,18k,20.3k,20.3k,20.7k,21.5k,18.3k
South Korea,1030,1070,1080,1140,1220,1270,1390,1480,1640,1840,1980,2140,2250,2550,2740,2910,3240,3580,3910,4190,4060,4280,4570,5100,5570,5950,6560,7320,8120,8610,9370,10.3k,10.8k,11.4k,12.4k,13.4k,14.3k,15.1k,14.2k,15.7k,17k,17.7k,18.9k,19.4k,20.4k,21.2k,22.2k,23.4k,23.9k,23.9k,25.5k,26.2k,26.7k,27.4k,28.1k,28.7k,29.5k,30.3k,31.1k,31.6k,31.3k
Kosovo,,,,,,,,,,,,,,,,,,,,,,,,,,,,,,,,,,,,,,,,,,,,,,,,,2620,2730,2840,3000,3020,3160,3280,3520,3740,3890,4010,4220,3990
Kuwait,,,,,,,,,,,,,,,,,,,,,,,,,,,,,,,,,,,,34.7k,34.5k,33.6k,32.5k,30k,30k,29.2k,29.6k,34.3k,37.2k,39.8k,41k,41.2k,39.8k,34.8k,32k,33.2k,33.5k,32.1k,30.9k,29.9k,29.8k,27.7k,27.5k,27.2k,24.4k
Lao,,,,,,,,,,,,,,,,,,,,,,,,,588,601,613,587,558,620,642,652,669,691,729,762,798,836,853,899,936,974,1020,1060,1110,1170,1250,1330,1410,1490,1590,1690,1800,1910,2030,2140,2260,2370,2480,2580,2550
Lebanon,,,,,,,,,,,,,,,,,,,,,,,,,,,,,5070,2880,3540,5070,5610,5890,6070,6240,6780,6760,6940,6810,6730,6730,6640,6530,6690,6680,6700,7310,7980,8710,9140,8770,8450,8220,7950,7660,7570,7520,7350,6820,5380
Liberia,,,,,,,,,,,,,,,,,,,,,,,,,,,,,,,,,,,,,,,,,776,770,780,536,540,554,578,609,626,634,649,680,713,754,740,722,693,692,683,650,616
Libya,,,,,,,,,,,,,,,,,,,,,,,,,,,,,,,,,,,,,,,,6460,6590,6370,6210,6910,7100,7830,8210,8600,8710,8530,8870,3340,7400,6360,4800,4340,4170,5210,5910,5970,4050
St. Lucia,,,,,,,,,,,,,,,,,,4300,4670,4770,4600,4820,4860,5040,5330,5680,6390,6510,7280,7790,8420,8340,8890,8840,8870,8920,9060,8870,9300,9430,9330,8930,8900,9210,9800,9660,10.1k,10.2k,10.5k,10.1k,10.2k,10.6k,10.5k,10.1k,10.3k,10.1k,10.4k,10.7k,11k,10.9k,8650
Liechtenstein,,,,,,,,,,,,,,,,,,,,,,,,,,,,,,,,,,,,,,,,,,,,,,,,,,,,,,,,167k,,,,,
Sri Lanka,,617,626,627,636,637,653,679,701,738,750,744,727,763,778,811,822,848,880,920,958,997,1020,1060,1100,1130,1170,1170,1180,1190,1250,1300,1340,1410,1480,1550,1600,1690,1760,1830,1920,1880,1940,2040,2130,2240,2400,2540,2670,2750,2950,3180,3460,3550,3690,3840,3970,4070,4160,4230,4050
Lesotho,231,231,262,284,301,302,294,319,311,309,309,317,309,382,413,348,376,445,511,511,483,473,481,478,492,493,504,497,528,547,567,593,620,628,651,660,684,697,697,693,715,739,747,785,804,836,874,912,962,948,996,1040,1100,1110,1120,1150,1180,1130,1110,1100,983
Lithuania,,,,,,,,,,,,,,,,,,,,,,,,,,,,,,,,,,,,4940,5230,5710,6180,6150,6420,6900,7420,8280,8920,9770,10.7k,12k,12.4k,10.7k,11.1k,12k,12.7k,13.3k,13.9k,14.3k,14.8k,15.7k,16.4k,17.2k,17.2k
Luxembourg,25.5k,26.3k,26.3k,26.9k,28.7k,28.2k,28.3k,28.2k,29.4k,32.1k,35.5k,36.1k,38k,40.7k,41.9k,38.7k,39.5k,40.1k,41.6k,42.5k,42.7k,42.3k,42.8k,44.1k,46.7k,47.9k,52.5k,54.2k,58.4k,63.5k,66k,70.8k,71.1k,73.1k,74.9k,74.9k,74.9k,78k,82.2k,87.7k,92.5k,94.2k,96.3k,97.6k,100k,101k,106k,112k,110k,105k,107k,105k,104k,105k,106k,105k,108k,107k,107k,109k,105k
Latvia,,,,,,,,,,,,,,,,,,,,,,,,,,,,,,,,,,,,4970,5160,5670,6090,6300,6730,7250,7850,8590,9410,10.5k,11.9k,13.2k,12.9k,11.2k,11k,11.5k,12.4k,12.8k,13.2k,13.8k,14.2k,14.8k,15.6k,16.1k,15.6k
"Macao, China",,,,,,,,,,,,,,,,,,,,,,,23.3k,24.7k,25.7k,24.9k,25.4k,27.9k,28.9k,29.2k,30.6k,30.8k,34.1k,35.1k,35.8k,36.3k,35.4k,34.6k,32.3k,30.9k,32k,32.1k,34.1k,37.2k,45.9k,48.5k,53.8k,60.2k,61k,60.5k,74k,87.9k,93.8k,101k,97.2k,74.8k,73k,79k,82.9k,79.7k,36.2k
Morocco,,,,,,,728,781,838,888,910,940,943,957,990,1040,1130,1170,1170,1190,1210,1160,1230,1220,1260,1310,1400,1370,1500,1520,1540,1620,1560,1520,1650,1540,1710,1660,1750,1750,1760,1870,1910,1990,2070,2110,2240,2290,2400,2470,2530,2630,2670,2750,2790,2880,2870,2950,3000,3040,2820
Monaco,,,,,,,,,,,75.2k,78.3k,80.8k,84.7k,87.2k,85k,87.7k,89.8k,92.3k,94.5k,94.8k,94.2k,94.9k,94.4k,94.4k,95k,96.6k,98.6k,103k,107k,109k,110k,110k,108k,110k,111k,111k,113k,115k,118k,122k,123k,123k,123k,125k,126k,132k,149k,149k,131k,132k,140k,139k,151k,160k,166k,170k,163k,171k,182k,159k
Moldova,,,,,,,,,,,,,,,,,,,,,,,,,,,,,,,,,,,,1500,1420,1450,1350,1310,1340,1420,1540,1640,1770,1910,2000,2070,2230,2100,2250,2390,2370,2590,2720,2730,2890,3070,3260,3440,3250
Madagascar,814,811,809,782,793,770,766,788,820,828,849,858,824,781,774,762,718,715,676,722,708,620,591,580,573,563,559,549,552,559,560,509,500,496,481,474,469,472,475,482,488,501,426,453,463,471,482,495,514,480,469,464,465,463,465,467,473,479,481,489,442
Maldives,,,,,,,,,,,,,,,,,,,,,,,,,,,,,,,,,,,,5540,5860,6240,6590,6870,6980,6540,6830,7550,7790,6590,8110,8530,9120,8220,8520,8890,8730,8950,9180,9030,9190,9440,9820,10.2k,6660
Mexico,3740,3810,3860,4050,4390,4560,4690,4810,5110,5120,5290,5330,5590,5860,6020,6190,6290,6340,6730,7200,7680,8130,7900,7460,7540,7540,7150,7130,7080,7230,7460,7630,7760,7770,8020,7390,7770,8170,8460,8570,8860,8700,8580,8590,8800,8880,9140,9210,9180,8570,8880,9080,9280,9280,9430,9620,9750,9840,9950,9820,8910
Marshall Islands,,,,,,,,,,,,,,,,,,,,,,2500,2510,2770,2740,2450,2910,3040,3130,2960,2950,2880,3030,3180,3340,3600,3220,3020,3000,2960,2980,3140,3200,3080,3050,3080,3040,3120,2920,3010,3210,3180,3100,3210,3160,3200,3230,3310,3410,3610,3510
North Macedonia,,,,,,,,,,,,,,,,,,,,,,,,,,,,,,,3650,3430,3220,2980,2930,2900,2920,2950,3040,3150,3280,3170,3240,3300,3450,3600,3780,4020,4230,4210,4340,4430,4410,4530,4690,4860,4990,5040,5180,5390,5120
Mali,,,,,,,,351,359,355,372,375,390,378,366,401,448,468,453,491,461,459,416,415,406,479,485,477,506,519,497,543,513,516,521,512,534,546,572,588,572,641,641,678,667,688,697,697,707,717,732,732,705,701,729,751,772,789,802,815,782
Malta,,,,,,,,,,,3140,3210,3400,3550,3900,4630,5400,6030,6630,7250,7680,7880,7890,7730,7800,7870,8040,8310,8930,9570,10.1k,10.4k,10.8k,11.2k,11.7k,12.3k,12.7k,13.3k,13.9k,14.5k,17.2k,16.9k,17.2k,17.7k,17.7k,18.1k,18.5k,19.3k,19.9k,19.6k,20.6k,20.6k,21.2k,22.1k,23.3k,24.9k,25.4k,26.7k,27.1k,27.5k,25k
Myanmar,,145,145,155,156,156,156,144,145,152,155,158,159,157,156,160,165,171,177,184,191,201,208,214,219,223,221,212,192,181,184,184,190,202,213,226,238,249,260,279,310,345,381,427,481,542,610,682,753,826,903,963,1020,1090,1170,1200,1310,1380,1460,1550,1590
Montenegro,,,,,,,,,,,,,,,,,,,,,,,,,,,,,,,,,,,,,,4490,4720,4290,4430,4460,4530,4620,4820,5010,5430,5800,6200,5830,5980,6170,5990,6200,6300,6510,6700,7020,7380,7680,6510
Mongolia,,,,,,,,,,,,,,,,,,,,,,1430,1510,1560,1610,1660,1770,1780,1820,1850,1750,1580,1410,1360,1380,1450,1470,1520,1550,1590,1590,1620,1680,1780,1950,2070,2220,2410,2590,2510,2630,3030,3340,3650,3860,3880,3860,4000,4230,4390,4130
Northern Mariana Islands,,,,,,,,,,,,,,,,,,,,,,,,,,,,,,,,,,,,,,,,,,,27.5k,27.8k,27.3k,24.1k,22.7k,21.5k,19.3k,16k,16.3k,15.1k,15.2k,15.4k,15.9k,16.3k,20.9k,25.6k,20.5k,18.1k,
Mozambique,,,,,,,,,,,,,,,,,,,,,242,248,226,187,172,172,167,192,208,221,220,225,204,217,222,219,236,256,275,299,295,321,341,353,370,384,409,429,448,463,480,502,523,544,569,590,595,600,603,599,575
Mauritania,,1220,1190,1130,1400,1580,1540,1550,1650,1620,1760,1740,1680,1560,1690,1560,1640,1570,1510,1540,1550,1550,1470,1480,1400,1400,1440,1430,1410,1440,1380,1370,1360,1400,1320,1420,1460,1370,1370,1390,1300,1250,1230,1280,1310,1380,1590,1510,1460,1420,1420,1430,1450,1470,1490,1520,1500,1550,1580,1620,1550
Mauritius,,,,,,,,,,,,,,,,,2350,2460,2520,2570,2270,2370,2470,2460,2540,2700,2940,3180,3370,3490,3720,3840,4040,4190,4310,4450,4650,4860,5100,5160,5530,5670,5730,6020,6240,6320,6590,6940,7290,7510,7820,8120,8380,8650,8950,9260,9610,9970,10.3k,10.6k,9060
Malawi,179,188,185,178,178,197,218,228,218,225,220,249,257,256,267,276,281,286,304,308,301,278,278,281,287,287,272,260,253,244,249,265,243,266,238,275,290,294,297,298,294,273,271,279,287,289,295,314,328,346,359,366,362,370,381,381,380,384,391,401,394
Malaysia,1240,1290,1330,1380,1410,1470,1550,1570,1650,1690,1750,1880,2010,2190,2320,2280,2480,2610,2710,2890,3030,3160,3270,3390,3570,3440,3380,3460,3690,3910,4140,4410,4680,5020,5350,5730,6140,6420,5800,6010,6390,6290,6490,6730,7040,7270,7530,7850,8070,7810,8250,8550,8890,9180,9600,9960,10.3k,10.7k,11.1k,11.4k,10.6k
Namibia,,,,,,,,,,,,,,,,,,,,,3290,3250,3160,3030,2950,2870,2910,2900,2820,2770,2730,2870,2990,2870,2850,2900,2930,2990,3030,3070,3120,3110,3210,3300,3650,3680,3880,4010,4040,3980,4150,4280,4420,4590,4780,4900,4810,4670,4630,4510,4050
New Caledonia,,,,,,,,,,,,,,,,,,,,,,,,,,,,,,,,,,,,,,,,,,,,,,,,,,,,,,,,32.5k,,,,,
Niger,768,780,836,889,864,898,869,846,825,758,760,781,720,581,615,581,569,595,656,683,647,628,623,582,471,492,509,495,513,503,481,464,458,444,437,433,418,410,435,419,399,413,418,411,398,411,420,417,432,424,443,437,464,470,482,484,493,498,514,524,523
Nigeria,1430,1410,1440,1530,1570,1610,1510,1240,1200,1460,1780,1990,2010,2070,2240,2060,2190,2250,2060,2130,2160,1830,1660,1440,1390,1430,1400,1400,1470,1460,1590,1550,1590,1510,1450,1410,1440,1440,1440,1420,1450,1500,1690,1760,1880,1950,2010,2090,2170,2290,2400,2460,2500,2600,2690,2690,2580,2530,2510,2500,2400
Nicaragua,1680,1750,1880,2020,2190,2330,2330,2420,2380,2460,2410,2420,2400,2470,2740,2650,2710,2840,2540,1810,1840,1890,1820,1850,1780,1660,1610,1560,1340,1290,1260,1230,1200,1170,1190,1230,1290,1310,1340,1410,1440,1470,1460,1470,1530,1570,1620,1670,1710,1630,1680,1760,1850,1920,1980,2050,2120,2190,2090,1980,1920
Netherlands,14.3k,14.1k,14.9k,15.2k,16.3k,17.4k,17.7k,18.4k,19.4k,20.4k,21.4k,22k,22.6k,23.6k,24.2k,24k,24.9k,25.4k,25.9k,26.2k,26.4k,26k,25.5k,26k,26.7k,27.2k,27.8k,28.2k,29k,30.1k,31.1k,31.6k,31.9k,32.1k,32.8k,33.7k,34.7k,36k,37.5k,39.1k,40.5k,41.1k,40.9k,40.8k,41.5k,42.2k,43.6k,45.1k,45.9k,44k,44.4k,44.9k,44.2k,44.1k,44.5k,45.2k,45.9k,47k,47.8k,48.4k,46.3k
Curaçao,,,,,,,,,,,,,,,,,,,,,,,,,,,,,,,,,,,,,,,,,22.3k,23k,23k,22.6k,22.3k,21.9k,21.7k,21.8k,22k,21.7k,21.5k,21.3k,21.1k,20.7k,20.2k,20k,19.5k,19.1k,18.8k,18.4k,15.3k
Norway,19.1k,20.2k,20.6k,21.2k,22.1k,23.1k,23.8k,25k,25.4k,26.3k,26.6k,27.9k,29.2k,30.3k,31.3k,32.7k,34.4k,35.7k,36.9k,38.4k,40.1k,40.6k,40.5k,42k,44.4k,46.7k,48.4k,49.1k,48.7k,49k,49.7k,51k,52.6k,53.7k,56.1k,58.2k,60.8k,63.6k,64.9k,65.8k,67.4k,68.5k,69.1k,69.3k,71.7k,73k,74.2k,75.6k,75k,72.8k,72.4k,72.2k,73.2k,73k,73.7k,74.4k,74.5k,75.6k,76k,76k,75k
Nepal,328,329,330,331,350,340,358,345,341,349,351,340,343,335,348,346,353,356,363,363,347,367,372,353,378,392,401,399,420,429,438,453,459,464,489,494,508,522,527,539,562,579,571,585,605,618,631,644,676,701,732,756,791,821,871,902,897,965,1020,1070,1030
Nauru,,,,,,,,,,,,,,,,,,,,,,,,,,,,,,,,,,,,,,,,,,,,,3430,3350,3670,2820,3440,3730,4120,4500,4980,6460,8110,8340,8560,7990,8390,8330,8370
New Zealand,,,,,,,,,,,,,,,,,,22.5k,22.6k,23.1k,23.4k,24.4k,24.4k,24.9k,25.9k,26.1k,26.8k,26.9k,26.7k,26.6k,26.4k,24.9k,24.9k,26.2k,27.2k,28k,28.6k,28.8k,28.8k,30.2k,30.9k,31.8k,32.7k,33.5k,34.3k,35.1k,35.6k,36.4k,35.7k,35.3k,35.4k,35.9k,36.5k,37.2k,38k,38.6k,39.2k,39.8k,40.3k,40.3k,40.2k
Oman,,,,,,2550,2610,4230,7470,9100,10k,9790,10.4k,8550,9140,10.9k,12.4k,11.9k,10.9k,10.7k,10.8k,11.9k,12.6k,13.9k,15.4k,16.8k,16.5k,15.3k,15.7k,16.9k,16.2k,16.4k,17k,17.3k,17.3k,17.7k,18k,18.9k,19.4k,19.5k,20.6k,21.3k,20.7k,19.7k,19.5k,19.4k,19.9k,20.2k,21.1k,21.5k,20.6k,19.9k,20.1k,19.7k,18.6k,18.4k,18.5k,17.8k,17.4k,16.7k,15.7k
Pakistan,379,392,400,424,445,479,493,507,529,543,589,576,565,589,592,600,612,617,647,650,693,724,746,770,782,815,832,858,895,912,925,944,989,979,988,1010,1030,1010,1010,1010,1030,1040,1040,1070,1130,1180,1220,1250,1240,1250,1240,1250,1260,1290,1320,1360,1400,1450,1500,1490,1450
Panama,2710,2920,3060,3230,3270,3470,3620,3820,3970,4180,4350,4630,4710,4830,4810,4770,4720,4650,4980,5080,5610,5980,6150,5740,5770,5920,6000,5760,4890,4860,5140,5510,5840,6030,6080,6060,6180,6450,6780,6910,6960,6860,6880,7040,7430,7820,8340,9170,9890,9840,10.2k,11.2k,12.1k,12.7k,13.1k,13.6k,14.1k,14.6k,14.9k,15.1k,12.2k
Peru,2710,2830,3020,3070,3170,3260,3430,3460,3370,3400,3420,3470,3500,3620,3850,3910,3860,3780,3580,3640,3760,3870,3770,3300,3340,3330,3560,3820,3380,2900,2700,2700,2640,2720,3000,3170,3190,3340,3270,3260,3300,3280,3420,3530,3670,3870,4120,4440,4800,4820,5180,5460,5750,6030,6110,6230,6380,6430,6570,6610,5790
Philippines,1190,1220,1240,1280,1280,1310,1330,1360,1380,1410,1420,1450,1490,1570,1580,1620,1710,1760,1800,1850,1890,1910,1920,1910,1730,1560,1580,1600,1660,1720,1730,1680,1650,1640,1680,1710,1770,1820,1770,1790,1830,1850,1880,1930,2020,2080,2150,2250,2310,2300,2430,2480,2610,2740,2870,3000,3170,3340,3500,3660,3270
Palau,,,,,,,,,,,,,,,,,,,,,,,,,,,,,,,,,,,,,,,,,11.8k,12.3k,12.6k,12.1k,12.7k,13.2k,13.3k,13.9k,13.4k,12.8k,13k,14.1k,14.4k,13.9k,14.8k,15.9k,15.8k,15.2k,15.1k,14.8k,13.3k
Papua New Guinea,1160,1210,1260,1290,1370,1480,1540,1560,1590,1690,1830,1900,1960,2030,2040,1970,1860,1820,1930,1910,1820,1770,1730,1740,1680,1710,1740,1750,1750,1690,1600,1710,1900,2200,2270,2150,2260,2120,1990,1980,1880,1840,1800,1800,1810,1890,1940,2050,1990,2080,2240,2210,2270,2300,2560,2680,2770,2810,2750,2820,2670
Poland,,,,,,,,,,,,,,,,,,,,,,,,,,,,,,,5120,4740,4850,5020,5270,5640,5980,6360,6650,6960,7360,7450,7610,7880,8280,8570,9100,9750,10.2k,10.4k,10.9k,11.4k,11.5k,11.7k,12.1k,12.6k,13k,13.6k,14.3k,15k,14.7k
Puerto Rico,6310,6630,7040,7480,7850,8450,8970,9460,9880,10.7k,11.5k,12k,12.6k,13.1k,13.2k,12.9k,13.5k,14.1k,14.9k,15.9k,16.3k,16.3k,15.9k,15.4k,16.1k,16.5k,17.1k,17.9k,18.8k,19.5k,18.7k,19k,19.8k,20.5k,21.2k,21.9k,22.2k,23.1k,24.2k,25.4k,26.1k,27.7k,27.9k,27.9k,30.4k,29.8k,29.5k,29.3k,29k,28.6k,28.6k,28.8k,29.2k,29.4k,29.6k,29.8k,30k,29.8k,29.8k,30.2k,28.2k
Portugal,3930,4120,4360,4600,4890,5270,5530,5980,6540,6740,7660,8200,8870,9860,9840,9060,9410,9830,10k,10.5k,10.8k,10.9k,11.1k,11k,10.7k,11k,11.5k,12.2k,13.1k,14k,14.6k,15.2k,15.4k,15.1k,15.2k,15.8k,16.3k,16.9k,17.6k,18.2k,18.8k,19k,19.1k,18.8k,19.1k,19.2k,19.5k,20k,20k,19.3k,19.7k,19.4k,18.7k,18.6k,18.8k,19.3k,19.7k,20.4k,21.1k,21.6k,19.8k
Paraguay,1490,1550,1560,1590,1620,1670,1660,1770,1800,1830,1890,1950,2030,2120,2250,2340,2460,2670,2910,3170,3450,3660,3500,3300,3300,3350,3410,3570,3680,3830,3880,3910,3880,3970,4080,4260,4230,4310,4220,4080,3900,3800,3720,3820,3900,3920,4050,4210,4420,4350,4770,4900,4800,5130,5330,5410,5570,5760,5870,5770,5670
Palestine,,,,,,,,,,,,,,,,,,,,,,,,,,,,,,,,,,,2140,2190,2120,2320,2590,2730,2440,2150,1840,2040,2430,2630,2540,2570,2690,2840,2930,3130,3240,3310,3230,3270,3480,3460,3420,3380,2920
Qatar,,,,,,,,,,,,,,,,,,,,,,,,,,,,,,,,,,,,,,,,,56.9k,56.9k,58.5k,57.1k,61.6k,57.6k,61.5k,60.9k,60.8k,59.1k,63k,65.1k,63.2k,62.7k,62.8k,63k,62.8k,60.3k,59.8k,59.1k,56k
Romania,,,,,,,,,,,,,,,,,,,,,,,,,,,,,,,5000,4390,4040,4110,4280,4550,4740,4530,4440,4430,4550,4850,5220,5390,5980,6300,6850,7450,8280,7890,7630,7810,8000,8340,8670,8970,9440,10.2k,10.7k,11.2k,10.8k
Russia,,,,,,,,,,,,,,,,,,,,,,,,,,,,,,8110,7850,7430,6350,5800,5070,4860,4690,4760,4520,4820,5320,5620,5910,6370,6860,7320,7950,8640,9090,8380,8760,9120,9480,9620,9520,9310,9310,9470,9740,9940,9670
Rwanda,345,323,354,314,269,282,294,305,316,340,350,343,334,336,330,314,363,358,378,409,431,439,433,444,410,411,413,393,392,382,372,374,418,411,216,297,325,346,348,337,345,361,399,401,425,457,488,512,554,573,599,631,669,683,708,751,775,785,830,886,834
Saudi Arabia,,,,,,,,,13.7k,14k,21.3k,24.6k,28.9k,34.1k,37.7k,32.7k,36.6k,37.3k,33.5k,35.5k,35.4k,33.9k,25.2k,19.9k,17.9k,15.2k,17k,15.1k,16.4k,15.7k,17.5k,19.4k,19.6k,18.8k,18.5k,18.1k,18.2k,18k,18.2k,17.1k,17.7k,17k,16.1k,17.4k,18.2k,18.7k,18.7k,18.5k,19.1k,18.2k,18.6k,19.8k,20.2k,20.2k,20.3k,20.6k,20.5k,19.9k,20.1k,19.8k,18.7k
Sudan,991,966,1000,950,914,949,889,876,868,854,878,871,802,783,845,947,1070,1100,1000,918,901,935,957,945,869,790,809,899,873,927,854,894,929,946,931,961,991,1070,1080,1090,1120,1160,1200,1240,1270,1300,1350,1390,1400,1330,1340,1420,1310,1310,1340,1330,1340,1320,1250,1200,1130
Senegal,1200,1200,1170,1160,1170,1150,1150,1110,1140,1040,1090,1060,1090,1000,1010,1060,1120,1070,1000,1050,1060,1080,1140,1040,1050,1050,1050,1090,1050,1060,1020,1010,996,980,953,978,973,979,1010,1050,1070,1090,1060,1090,1120,1130,1130,1130,1140,1140,1150,1130,1150,1140,1180,1220,1260,1320,1360,1380,1360
Singapore,3610,3770,3950,4240,4000,4210,4530,4980,5560,6230,6990,7720,8590,9320,9730,9970,10.6k,11.1k,11.9k,12.8k,13.9k,14.7k,15.1k,16.2k,17.3k,17.1k,17.4k,19k,20.6k,22k,23.3k,24.1k,25k,27.1k,29.2k,30.4k,31.3k,32.8k,31k,32.5k,34.9k,33.6k,34.6k,36.7k,39.8k,41.7k,44.1k,46.1k,44.5k,43.3k,48.7k,50.7k,51.7k,53.3k,54.7k,55.6k,56.8k,59.3k,61.1k,61.2k,58.1k
Solomon Islands,,,,,,,,,,,,,,,,,,,,,2370,2250,2140,2160,2090,1970,1910,2010,1980,2010,1990,2060,2250,2280,2390,2560,2530,2440,2400,2320,1940,1740,1640,1710,1770,1830,1870,1910,1980,1980,2100,2200,2180,2230,2200,2170,2230,2290,2320,2290,2140
Sierra Leone,497,499,513,514,539,568,568,559,560,596,635,645,638,639,648,645,629,616,617,630,646,650,667,638,649,599,589,612,553,544,554,563,456,464,457,421,428,401,403,388,403,364,441,460,469,472,476,501,516,520,536,557,627,740,757,588,610,623,630,650,624
El Salvador,,,,,,2640,2740,2810,2830,2850,2860,2890,2990,3060,3140,3160,3250,3400,3510,3300,2730,2530,2330,2340,2340,2320,2290,2320,2330,2330,2410,2410,2540,2650,2740,2840,2830,2890,2940,2980,2990,3000,3030,3060,3070,3140,3260,3310,3360,3280,3330,3450,3530,3590,3640,3710,3780,3850,3920,3990,3630
San Marino,,,,,,,,,,,,,,,,,,,,,,,,,,,,,,,,,,,,,,47k,50k,53.9k,54.5k,56.8k,56.2k,57.6k,59.4k,60.1k,61.6k,65.2k,64.1k,56.7k,52.9k,47.9k,43.9k,42.9k,42.1k,42.7k,43.4k,43.3k,43.8k,44.7k,
Somalia,,,,,,,,,,,,,,,,,,,,,,,,,,,,,,,,,,,,,,,,,,,,,,,,,,,,,,330,346,386,407,406,425,447,445
Serbia,,,,,,,,,,,,,,,,,,,,,,,,,,,,,,,,,,,,2780,2960,3180,3300,3000,3190,3420,3640,3810,4160,4400,4650,4970,5270,5150,5210,5350,5340,5520,5460,5590,5810,5960,6260,6570,6550
South Sudan,,,,,,,,,,,,,,,,,,,,,,,,,,,,,,,,,,,,,,,,,,,,,,,,,2310,2320,2350,2170,1140,1260,1270,1120,,,,,
Sao Tome and Principe,,,,,,,,,,,,,,,,,,,,,,,,,,,,,,,,,,,,,,,,,,1080,1090,1140,1150,1210,1280,1290,1350,1350,1400,1430,1450,1490,1550,1580,1620,1650,1670,1670,1690
Suriname,3610,3680,3730,3830,3980,4340,5030,5480,5750,5890,5980,6190,6180,6120,6200,6410,7000,7720,8220,8160,7420,7940,7590,7260,7080,7140,7090,6530,6900,7040,6590,6640,6550,6000,6110,6010,5990,6250,6310,6150,6200,6390,6490,6820,7310,7550,7900,8200,8450,8600,8940,9360,9500,9670,9590,9170,8630,8680,9020,9040,7530
Slovak Republic,,,,,,,,,,,,,,,,,,,,,,,,,,,,,,,,,6650,6760,7150,7540,8020,8480,8820,8800,8910,9220,9640,10.2k,10.7k,11.4k,12.4k,13.7k,14.5k,13.7k,14.5k,14.9k,15.1k,15.1k,15.5k,16.3k,16.6k,17.1k,17.7k,18.2k,17.4k
Slovenia,,,,,,,,,,,,,,,,,,,,,,,,,,,,,,,,,,,,13.3k,13.7k,14.4k,14.9k,15.7k,16.2k,16.7k,17.3k,17.8k,18.6k,19.2k,20.3k,21.6k,22.3k,20.4k,20.6k,20.7k,20.2k,19.9k,20.5k,20.9k,21.5k,22.6k,23.5k,24.1k,22.9k
Sweden,16.5k,17.4k,18k,18.9k,20k,20.6k,20.8k,21.4k,22k,22.9k,24.4k,24.4k,24.9k,25.9k,26.6k,27.2k,27.4k,26.9k,27.2k,28.2k,28.7k,28.8k,29.1k,29.6k,30.9k,31.5k,32.2k,33.2k,33.9k,34.6k,34.6k,33.9k,33.4k,32.5k,33.5k,34.6k,35.1k,36.2k,37.7k,39.3k,41.1k,41.6k,42.4k,43.2k,44.9k,46k,47.9k,49.1k,48.5k,46k,48.4k,49.5k,48.9k,49k,49.9k,51.5k,52k,52.6k,53k,53.5k,51.5k
Eswatini,,,,,,,,,,,972,1070,1100,1160,1200,1320,1250,1230,1200,1200,1300,1440,1410,1380,1410,1420,1540,1700,1760,1920,2260,2240,2250,2270,2270,2330,2370,2400,2420,2460,2470,2480,2570,2660,2750,2900,3060,3180,3180,3210,3300,3360,3510,3620,3630,3680,3690,3720,3770,3830,3720
Sint Maarten (Dutch part),,,,,,,,,,,,,,,,,,,,,,,,,,,,,,,,,,,,,,,,,,,,,,,,,,32.4k,33.6k,35.8k,35k,33.6k,33.1k,32.3k,31.5k,29.2k,27.1k,,
Seychelles,3160,2930,3090,3320,3430,3310,3670,3600,3780,3690,3930,4460,4630,4970,4940,4980,5680,5220,6280,7210,6840,6210,6100,6000,6240,6870,6820,6820,7170,7920,8430,8550,9120,9490,9160,8960,9260,10.2k,10.9k,10.9k,10.9k,10.7k,10.5k,9990,9740,10.6k,11.3k,12.4k,11.9k,11.7k,12.1k,13.4k,13.4k,14k,14.4k,14.7k,15.2k,15.7k,15.9k,15.9k,14.1k
Syria,524,562,678,600,635,628,561,588,590,677,643,677,822,711,864,972,1060,1000,1070,1040,1150,1190,1180,1170,1040,1100,982,967,1110,927,934,976,1070,1110,1150,1200,1280,1310,1360,1280,1250,1240,1270,1330,1390,1430,1450,1470,1480,1520,1590,1660,1260,970,910,916,891,904,925,953,
Turks and Caicos Islands,,,,,,,,,,,,,,,,,,,,,,,,,,,,,,,,,,,,,,,,,,,,,,,,,,,,23.3k,22.6k,22.4k,23.9k,26.2k,27.6k,26.5k,27.6k,28.7k,20.7k
Chad,565,562,581,560,536,529,509,504,492,516,515,492,486,435,446,476,480,481,470,362,333,329,339,383,381,452,421,398,445,452,419,441,461,377,401,393,388,397,410,392,375,403,421,465,598,676,657,656,654,659,724,701,738,754,780,776,705,663,659,660,635
Togo,339,376,387,401,450,506,533,538,538,571,563,545,570,578,592,593,568,594,645,596,664,621,577,526,535,545,536,522,540,546,531,515,485,403,453,476,504,559,528,525,506,496,501,522,504,468,468,450,456,468,483,501,519,537,554,571,588,598,613,631,627
Thailand,581,594,620,650,674,707,763,804,844,873,945,963,976,1050,1060,1090,1160,1250,1340,1390,1430,1480,1530,1590,1650,1700,1760,1890,2100,2320,2550,2730,2920,3140,3360,3590,3750,3610,3290,3400,3520,3610,3800,4040,4260,4410,4600,4830,4880,4830,5160,5180,5530,5650,5690,5840,6020,6250,6490,6620,6200
Tajikistan,,,,,,,,,,,,,,,,,,,,,,,,,,1440,1450,1380,1530,1380,1340,1220,850,699,542,467,384,384,399,407,434,468,510,556,602,631,662,699,739,752,784,823,865,907,946,978,1020,1070,1120,1170,1200
Turkmenistan,,,,,,,,,,,,,,,,,,,,,,,,,,,,2680,2900,2710,3570,3310,2730,2700,2180,1970,2070,1800,1910,2190,2290,2360,2350,2400,2490,2790,3060,3350,3790,3970,4270,4810,5250,5680,6150,6430,6710,7030,7350,7690,
Timor-Leste,,,,,,,,,,,,,,,,,,,,,,,,,,,,,,,,,,,,,,,,,942,1080,980,934,913,919,862,933,1020,1100,1190,1230,1270,1290,1320,1330,1350,1290,1250,1470,1590
Tonga,,,,,,,,,,,,,,,,,,,,,,2380,2490,2530,2570,2740,2790,2870,2810,2810,2750,2920,2920,3020,3170,3390,3440,3470,3540,3660,3670,3790,3950,4020,3900,3880,3840,3820,3970,3740,3770,4040,4110,4160,4280,4340,4600,4720,4680,4650,4630
Trinidad and Tobago,4350,4860,4910,5110,5440,5420,5600,5670,5930,6060,6210,6210,6490,6500,6650,6650,6980,7510,8150,8330,9060,9320,9520,8400,7800,7390,7060,6680,6370,6270,6320,6470,7080,7000,7210,7460,7970,8550,9240,9960,10.6k,11k,11.8k,13.5k,14.5k,15.3k,17.3k,18k,18.5k,17.6k,18.1k,17.9k,18.1k,18.3k,18.1k,18.2k,17.1k,16.5k,16.5k,16.2k,14.9k
Tunisia,,,,,,1070,1080,1060,1150,1180,1200,1300,1500,1460,1540,1610,1700,1720,1790,1860,1950,2000,1930,1960,2020,2080,2000,2080,2030,2020,2140,2170,2290,2290,2320,2330,2460,2560,2650,2780,2880,2960,2980,3100,3260,3350,3490,3690,3810,3880,3980,3870,3980,4030,4100,4090,4100,4140,4200,4210,3780
Turkey,2510,2480,2550,2720,2800,2810,3050,3120,3260,3310,3340,3440,3610,3640,3750,3930,4240,4290,4250,4130,3940,4040,4090,4200,4380,4470,4690,5040,5060,4990,5350,5300,5480,5800,5450,5780,6110,6470,6520,6210,6540,6080,6370,6640,7190,7740,8170,8480,8450,7940,8490,9300,9590,10.2k,10.5k,11k,11.2k,11.8k,12k,12k,12k
Tuvalu,,,,,,,,,,,,,,,,,,,,,,,,,,,,,,,2240,2300,2340,2410,2640,2500,2340,2580,2970,2920,2880,2900,3090,2950,2870,2720,2750,2890,3090,2930,2820,3000,2860,2960,2960,3200,3260,3350,3390,3670,3790
Tanzania,,,,,,,,,,,,,,,,,,,,,,,,,,,,,537,541,561,554,538,527,518,521,531,536,543,557,568,587,611,634,663,692,717,745,765,782,808,845,857,888,920,948,983,1020,1040,1070,1060
Uganda,,,,,,,,,,,,,,,,,,,,,,,377,386,373,349,338,339,355,364,374,382,382,401,413,447,473,483,492,516,517,527,555,573,593,610,655,688,725,750,768,814,818,821,834,847,856,850,871,895,891
Ukraine,,,,,,,,,,,,,,,,,,,,,,,,,,,,3160,3220,3330,3110,2840,2550,2180,1690,1500,1360,1330,1320,1330,1420,1560,1660,1830,2070,2140,2320,2530,2600,2220,2320,2450,2460,2470,2350,2120,2190,2250,2340,2430,2340
Uruguay,6130,6200,6030,5970,6050,6040,6160,5880,5940,6240,6350,6320,6230,6240,6420,6800,7030,7100,7430,7840,8240,8310,7450,6640,6530,6580,7110,7630,7700,7730,7700,7920,8490,8650,9210,9010,9450,10.2k,10.6k,10.3k,10.1k,9680,8930,9010,9460,10.2k,10.6k,11.2k,12k,12.5k,13.4k,14.1k,14.5k,15.2k,15.6k,15.6k,15.8k,16k,16k,16k,15k
United States,19.1k,19.3k,20.1k,20.7k,21.6k,22.7k,23.9k,24.2k,25.1k,25.7k,25.3k,25.8k,26.9k,28.1k,27.7k,27.4k,28.6k,29.6k,30.9k,31.5k,31.1k,31.6k,30.8k,31.9k,33.9k,35k,35.9k,36.8k,38k,39k,39.3k,38.7k,39.5k,40.1k,41.2k,41.8k,42.9k,44.2k,45.7k,47.3k,48.7k,48.7k,49.1k,50.1k,51.5k,52.8k,53.8k,54.3k,53.7k,51.9k,52.8k,53.2k,54k,54.6k,55.6k,56.9k,57.4k,58.4k,59.8k,60.8k,58.2k
Uzbekistan,,,,,,,,,,,,,,,,,,,,,,,,,,,,1480,1580,1590,1570,1520,1320,1260,1170,1140,1140,1180,1210,1250,1280,1310,1350,1390,1480,1560,1660,1790,1920,2040,2130,2230,2350,2490,2610,2750,2870,2940,3050,3160,3150
St. Vincent and the Grenadines,1840,1900,1940,1800,1850,1840,1820,1630,1720,1750,1920,1960,2440,2140,1930,1770,1930,2160,2350,2400,2440,2530,2620,2660,2810,2970,3110,3110,3520,3550,3780,3700,3860,4120,4060,4380,4440,4600,4790,4920,5000,5080,5390,5790,6020,6170,6640,6870,6980,6850,6620,6590,6670,6780,6850,6920,7030,7080,7210,7220,6960
Virgin Islands (U.S.),,,,,,,,,,,,,,,,,,,,,,,,,,,,,,,,,,,,,,,,,,,43.2k,43k,44.5k,46k,47.7k,49.6k,50.2k,46.9k,47.2k,43.3k,36.9k,34.7k,34.1k,34k,34.6k,34.4k,35.1k,36k,
Vietnam,,,,,,,,,,,,,,,,,,,,,,,,,472,479,481,488,501,527,542,562,598,634,677,730,786,838,875,906,957,1010,1060,1120,1190,1270,1350,1430,1500,1560,1650,1730,1810,1880,1980,2090,2190,2320,2460,2600,2660
Vanuatu,,,,,,,,,,,,,,,,,,,,2960,2550,2600,2590,2600,2790,2750,2690,2550,2450,2430,2640,2650,2640,2580,2740,2700,2710,2790,2770,2730,2840,2680,2480,2520,2550,2620,2780,2790,2880,2890,2860,2870,2820,2750,2760,2700,2750,2850,2860,2900,2640
Samoa,,,,,,,,,,,,,,,,,,,,,,,2600,2600,2620,2710,2850,2850,2800,2900,2760,2670,2640,2720,2630,2780,2960,2970,3020,3070,3270,3480,3610,3750,3890,4030,4080,4310,4330,4090,4080,4210,4010,3960,3930,4070,4380,4410,4340,4500,4360
Yemen,,,,,,,,,,,,,,,,,,,,,,,,,,,,,,,2040,2070,2120,2100,2140,2160,2180,2220,2290,2310,2380,2400,2430,2450,2470,2540,2540,2550,2570,2600,2720,2310,2300,2350,2280,1600,1420,1310,1290,,
South Africa,3840,3890,4030,4220,4440,4590,4680,4880,4960,5060,5180,5260,5210,5300,5480,5430,5420,5280,5310,5370,5580,5730,5550,5300,5420,5220,5090,5080,5170,5170,5030,4860,4640,4580,4620,4660,4770,4810,4760,4800,4930,5000,5120,5200,5370,5590,5830,6060,6170,5990,6080,6180,6230,6280,6270,6260,6210,6190,6200,6130,5660
Zambia,1220,1200,1140,1140,1240,1400,1280,1340,1320,1270,1290,1250,1320,1260,1300,1230,1260,1160,1130,1060,1050,1080,1020,963,928,913,890,886,914,879,851,829,795,829,739,742,767,775,751,765,774,794,808,843,879,918,965,1020,1070,1130,1210,1240,1300,1320,1340,1340,1350,1350,1370,1350,1270
Zimbabwe,1160,1200,1170,1210,1150,1170,1150,1200,1190,1290,1530,1610,1680,1660,1710,1630,1580,1430,1340,1340,1490,1610,1600,1560,1480,1530,1500,1470,1530,1560,1620,1670,1490,1480,1590,1580,1720,1750,1780,1760,1700,1720,1560,1290,1210,1140,1090,1040,850,941,1110,1250,1430,1440,1440,1450,1430,1480,1530,1410,1310
